<?xml version="1.0" encoding="UTF-8"?>
<project-private xmlns="http://www.netbeans.org/ns/project-private/1">
    <editor-bookmarks xmlns="http://www.netbeans.org/ns/editor-bookmarks/2" lastBookmarkId="0"/>
    <open-files xmlns="http://www.netbeans.org/ns/projectui-open-files/2">
        <group>
            <file>file:/Users/scarruthers/Dropbox/Camosun/Comp132_2016/Labs/Lab7/Lab7/src/lab7/Lab7.java</file>
            <file>file:/Users/scarruthers/Dropbox/Camosun/Comp132_2016/Labs/Lab7/Lab7/src/media/Picture.java</file>
        </group>
    </open-files>
</project-private>
